﻿<?xml version="1.0" encoding="utf-8"?>
<ModMetaData>
	<name>RPG Style Level Up Mod</name>
	<author>FLASHPOINT55</author>
	<packageId>FLASHPOINT55.RPGStyleLevelUpMod</packageId>
	<supportedVersions>
        <li>1.0</li>
        <li>1.1</li>
		<li>1.2</li>
		<li>1.3</li>
    </supportedVersions>
	<modDependencies>
		<li>
			<packageId>brrainz.harmony</packageId>
			<displayName>Harmony</displayName>
			<steamWorkshopUrl>steam://url/CommunityFilePage/2009463077</steamWorkshopUrl>
			<downloadUrl>https://github.com/pardeike/HarmonyRimWorld/releases/latest</downloadUrl>
		</li>
	</modDependencies>
	<url>https://github.com/unisun2/Rimworld_mods</url>
	<description>LEVEL UP!
</description>

<!--<incompatibleWith>louiszei.StaticQualityPlus1.2</incompatibleWith>-->

</ModMetaData>