<?xml version="1.0" encoding="utf-8" ?>
<Patch>

	<Operation Class="PatchOperationSequence">
		<success>Always</success>
		<operations>
			<li Class="PatchOperationConditional">
				<xpath>/Defs/StatDef[defName="MeleeHitChance"]/parts</xpath>
				<nomatch Class="PatchOperationAdd">
					<xpath>/Defs/StatDef[defName="MeleeHitChance"]</xpath>
						<value>
							<parts>
								<li Class="FP_RSLUM.StatPart_DEX"> 
								<weight>0.2</weight>
								</li>
							</parts>
						</value>
				</nomatch>
				<match Class="PatchOperationAdd">
				<xpath>/Defs/StatDef[defName="MeleeHitChance"]/parts</xpath>
					<value>
						<li Class="FP_RSLUM.StatPart_DEX"> 
								<weight>0.2</weight>
								</li>
					</value>
				</match>
			</li>
		</operations>
	</Operation>

	<Operation Class="PatchOperationSequence">
		<success>Always</success>
		<operations>
			<li Class="PatchOperationConditional">
				<xpath>/Defs/StatDef[defName="ShootingAccuracyPawn"]/parts</xpath>
				<nomatch Class="PatchOperationAdd">
					<xpath>/Defs/StatDef[defName="ShootingAccuracyPawn"]</xpath>
						<value>
							<parts>
								<li Class="FP_RSLUM.StatPart_DEX"> 
								<weight>0.2</weight>
								</li>
							</parts>
						</value>
				</nomatch>
				<match Class="PatchOperationAdd">
				<xpath>/Defs/StatDef[defName="ShootingAccuracyPawn"]/parts</xpath>
					<value>
						<li Class="FP_RSLUM.StatPart_DEX"> 
								<weight>0.2</weight>
								</li>
					</value>
				</match>
			</li>
		</operations>
	</Operation>

	<Operation Class="PatchOperationSequence">
		<success>Always</success>
		<operations>
			<li Class="PatchOperationConditional">
				<xpath>/Defs/StatDef[defName="CookSpeed"]/parts</xpath>
				<nomatch Class="PatchOperationAdd">
					<xpath>/Defs/StatDef[defName="CookSpeed"]</xpath>
						<value>
							<parts>
								<li Class="FP_RSLUM.StatPart_DEX"> 
								<weight>0.5</weight>
								</li>
							</parts>
						</value>
				</nomatch>
				<match Class="PatchOperationAdd">
				<xpath>/Defs/StatDef[defName="CookSpeed"]/parts</xpath>
					<value>
						<li Class="FP_RSLUM.StatPart_DEX"> 
								<weight>0.5</weight>
								</li>
					</value>
				</match>
			</li>
		</operations>
	</Operation>
	<Operation Class="PatchOperationSequence">
		<success>Always</success>
		<operations>
			<li Class="PatchOperationConditional">
				<xpath>/Defs/StatDef[@Name="ButcherySpeedBase"]/parts</xpath>
				<nomatch Class="PatchOperationAdd">
					<xpath>/Defs/StatDef[@Name="ButcherySpeedBase"]</xpath>
						<value>
							<parts>
								<li Class="FP_RSLUM.StatPart_DEX"> 
								<weight>0.5</weight>
								</li>
							</parts>
						</value>
				</nomatch>
				<match Class="PatchOperationAdd">
				<xpath>/Defs/StatDef[@Name="ButcherySpeedBase"]/parts</xpath>
					<value>
						<li Class="FP_RSLUM.StatPart_DEX"> 
								<weight>0.5</weight>
								</li>
					</value>
				</match>
			</li>
		</operations>
	</Operation>
	
	<Operation Class="PatchOperationSequence">
		<success>Always</success>
		<operations>
			<li Class="PatchOperationConditional">
				<xpath>/Defs/StatDef[defName="DrugCookingSpeed"]/parts</xpath>
				<nomatch Class="PatchOperationAdd">
					<xpath>/Defs/StatDef[defName="DrugCookingSpeed"]</xpath>
						<value>
							<parts>
								<li Class="FP_RSLUM.StatPart_DEX"> 
								<weight>0.5</weight>
								</li>
							</parts>
						</value>
				</nomatch>
				<match Class="PatchOperationAdd">
				<xpath>/Defs/StatDef[defName="DrugCookingSpeed"]/parts</xpath>
					<value>
						<li Class="FP_RSLUM.StatPart_DEX"> 
								<weight>0.5</weight>
								</li>
					</value>
				</match>
			</li>
		</operations>
	</Operation>
	
	<Operation Class="PatchOperationSequence">
		<success>Always</success>
		<operations>
			<li Class="PatchOperationConditional">
				<xpath>/Defs/StatDef[defName="ForagedNutritionPerDay"]/parts</xpath>
				<nomatch Class="PatchOperationAdd">
					<xpath>/Defs/StatDef[defName="ForagedNutritionPerDay"]</xpath>
						<value>
							<parts>
								<li Class="FP_RSLUM.StatPart_DEX"> 
								<weight>0.5</weight>
								</li>
							</parts>
						</value>
				</nomatch>
				<match Class="PatchOperationAdd">
				<xpath>/Defs/StatDef[defName="ForagedNutritionPerDay"]/parts</xpath>
					<value>
						<li Class="FP_RSLUM.StatPart_DEX"> 
								<weight>0.5</weight>
								</li>
					</value>
				</match>
			</li>
		</operations>
	</Operation>
	
	<Operation Class="PatchOperationSequence">
		<success>Always</success>
		<operations>
			<li Class="PatchOperationConditional">
				<xpath>/Defs/StatDef[defName="GeneralLaborSpeed"]/parts</xpath>
				<nomatch Class="PatchOperationAdd">
					<xpath>/Defs/StatDef[defName="GeneralLaborSpeed"]</xpath>
						<value>
							<parts>
								<li Class="FP_RSLUM.StatPart_DEX"> 
								<weight>0.5</weight>
								</li>
							</parts>
						</value>
				</nomatch>
				<match Class="PatchOperationAdd">
				<xpath>/Defs/StatDef[defName="GeneralLaborSpeed"]/parts</xpath>
					<value>
						<li Class="FP_RSLUM.StatPart_DEX"> 
								<weight>0.5</weight>
								</li>
					</value>
				</match>
			</li>
		</operations>
	</Operation>

	<!--<Operation Class="PatchOperationSequence">
		<success>Always</success>
		<operations>
			<li Class="PatchOperationConditional">
				<xpath>/Defs/StatDef[defName="PlantWorkSpeed"]/parts</xpath>
				<nomatch Class="PatchOperationAdd">
					<xpath>/Defs/StatDef[defName="PlantWorkSpeed"]</xpath>
						<value>
							<parts>
								<li Class="FP_RSLUM.StatPart_STR" />
							</parts>
						</value>
				</nomatch>
				<match Class="PatchOperationAdd">
				<xpath>/Defs/StatDef[defName="PlantWorkSpeed"]/parts</xpath>
					<value>
						<li Class="FP_RSLUM.StatPart_STR" />
					</value>
				</match>
			</li>
		</operations>
	</Operation>-->

</Patch>