<?xml version="1.0" encoding="utf-8" ?>
<Patch>

	<Operation Class="PatchOperationAdd">
		<xpath>Defs/StatDef[defName="MiningSpeed"]/capacityFactors</xpath>
		<value>
          <li>
			<capacity>RSLUM_STR</capacity>
			<weight>0.5</weight>
		  </li>
		</value>
	</Operation>
	<Operation Class="PatchOperationAdd">
		<xpath>Defs/StatDef[defName="SmoothingSpeed"]/capacityFactors</xpath>
		<value>
          <li>
			<capacity>RSLUM_STR</capacity>
			<weight>0.5</weight>
		  </li>
		</value>
	</Operation>
	<Operation Class="PatchOperationAdd">
		<xpath>Defs/StatDef[defName="ConstructionSpeed"]/capacityFactors</xpath>
		<value>
          <li>
			<capacity>RSLUM_STR</capacity>
			<weight>0.5</weight>
		  </li>
		</value>
	</Operation>
	<Operation Class="PatchOperationAdd">
		<xpath>Defs/StatDef[defName="PlantWorkSpeed"]/capacityFactors</xpath>
		<value>
          <li>
			<capacity>RSLUM_STR</capacity>
			<weight>0.5</weight>
		  </li>
		</value>
	</Operation>
	<Operation Class="PatchOperationAdd">
		<xpath>Defs/StatDef[defName="CarryingCapacity"]/capacityFactors</xpath>
		<value>
          <li>
			<capacity>RSLUM_STR</capacity>
			<weight>0.5</weight>
		  </li>
		</value>
	</Operation>

	<!--<Operation Class="PatchOperationSequence">
		<success>Always</success>
		<operations>
			<li Class="PatchOperationConditional">
				<xpath>/Defs/StatDef[defName="PlantWorkSpeed"]/parts</xpath>
				<nomatch Class="PatchOperationAdd">
					<xpath>/Defs/StatDef[defName="PlantWorkSpeed"]</xpath>
						<value>
							<parts>
								<li Class="FP_RSLUM.StatPart_STR" />
							</parts>
						</value>
				</nomatch>
				<match Class="PatchOperationAdd">
				<xpath>/Defs/StatDef[defName="PlantWorkSpeed"]/parts</xpath>
					<value>
						<li Class="FP_RSLUM.StatPart_STR" />
					</value>
				</match>
			</li>
		</operations>
	</Operation>-->

</Patch>