<?xml version="1.0" encoding="utf-8" ?>
<Patch>
    <Operation Class="PatchOperationFindMod">
		<mods>
			<li>Combat Extended</li>
		</mods>
		<match Class="PatchOperationSequence">
			<success>Always</success>
			<operations>
				
				<li Class="PatchOperationConditional">
					<xpath>/Defs/StatDef[defName="CarryWeight"]/parts</xpath>
					<nomatch Class="PatchOperationAdd">
						<xpath>/Defs/StatDef[defName="CarryWeight"]</xpath>
							<value>
								<parts>
									<li Class="FP_RSLUM.StatPart_STR" />
								</parts>
							</value>
					</nomatch>
					<match Class="PatchOperationAdd">
					<xpath>/Defs/StatDef[defName="CarryWeight"]/parts</xpath>
						<value>
							<li Class="FP_RSLUM.StatPart_STR" />
						</value>
					</match>
				</li>
				
				<li Class="PatchOperationConditional">
					<xpath>/Defs/StatDef[defName="ReloadSpeed"]/parts</xpath>
					<nomatch Class="PatchOperationAdd">
						<xpath>/Defs/StatDef[defName="ReloadSpeed"]</xpath>
							<value>
								<parts>
									<li Class="FP_RSLUM.StatPart_DEX_CE_Reloading" />
								</parts>
							</value>
					</nomatch>
					<match Class="PatchOperationAdd">
					<xpath>/Defs/StatDef[defName="ReloadSpeed"]/parts</xpath>
						<value>
							<li Class="FP_RSLUM.StatPart_DEX_CE_Reloading" />
						</value>
					</match>
				</li>
				
				<li Class="PatchOperationConditional">
					<xpath>/Defs/StatDef[defName="Suppressability"]/parts</xpath>
					<nomatch Class="PatchOperationAdd">
						<xpath>/Defs/StatDef[defName="Suppressability"]</xpath>
							<value>
								<parts>
									<li Class="FP_RSLUM.StatPart_CON_CE_Suppressability" />
								</parts>
							</value>
					</nomatch>
					<match Class="PatchOperationAdd">
					<xpath>/Defs/StatDef[defName="Suppressability"]/parts</xpath>
						<value>
							<li Class="FP_RSLUM.StatPart_CON_CE_Suppressability" />
						</value>
					</match>
				</li>
				
				<li Class="PatchOperationConditional">
					<xpath>/Defs/StatDef[defName="MeleeParryChance"]/capacityFactors</xpath>
					<nomatch Class="PatchOperationAdd">
						<xpath>/Defs/StatDef[defName="MeleeParryChance"]</xpath>
							<value>
								<capacityFactors>
									<li>
									<capacity>RSLUM_DEX</capacity>
									<weight>0.3</weight>
								  </li>
								</capacityFactors>
							</value>
					</nomatch>
					<match Class="PatchOperationAdd">
					<xpath>/Defs/StatDef[defName="MeleeParryChance"]/capacityFactors</xpath>
						<value>
							<li>
							<capacity>RSLUM_DEX</capacity>
							<weight>0.3</weight>
						  </li>
						</value>
					</match>
				</li>
				
			</operations>
		</match>
	</Operation>

</Patch>