<?xml version="1.0" encoding="utf-8" ?>
<Defs>
<HediffDef>
	<hediffClass>HediffWithComps</hediffClass>
	<defaultLabelColor>(0.5, 0.1, 0.5)</defaultLabelColor>
    <defName>RSLUM_LVUP</defName>
    <label>Level Up!</label>
    <labelNoun>lvup</labelNoun>
	<isBad>false</isBad>
    <comps>
      <li Class="HediffCompProperties_Disappears">
        <disappearsAfterTicks>
          <min>10</min>
          <max>10</max>
        </disappearsAfterTicks>
      </li>
    </comps>
    <stages>
      <li>
	  <capMods>
          <li>
            <capacity>RSLUM_STR</capacity>
            <offset>0.05</offset>
          </li>
		  <li>
            <capacity>RSLUM_DEX</capacity>
            <offset>0.05</offset>
          </li>
		  <li>
            <capacity>RSLUM_AGL</capacity>
            <offset>0.05</offset>
          </li>
		  <li>
            <capacity>RSLUM_CON</capacity>
            <offset>0.05</offset>
          </li>
		  <li>
            <capacity>RSLUM_INT</capacity>
            <offset>0.05</offset>
          </li>
		  <li>
            <capacity>RSLUM_CHA</capacity>
            <offset>0.05</offset>
          </li>
		  
        </capMods>
      </li>
    </stages>
  </HediffDef>
  
</Defs>